system,condition,top_k,generator,partial,bleurt,bleu,chrf,rouge_l,bertscore,cs_bleurt,cs_bleu,cs_chrf,cs_rouge_l,cs_bertscore,sk_bleurt,sk_bleu,sk_chrf,sk_rouge_l,sk_bertscore,uk_bleurt,uk_bleu,uk_chrf,uk_rouge_l,uk_bertscore
TinyAya-Water top-5,Embedding,5,TinyAya-Water,true,0.45348,4.64347,37.72374,0.23544,0.53919,0.50062,5.20736,38.80361,0.31364,0.29584,0.45630,4.39790,38.78631,0.26926,0.69813,0.37977,4.12317,34.74294,0.07542,0.69518
TinyAya-Global top-5,Embedding,5,TinyAya-Global,true,0.46728,4.88487,38.22412,0.26163,0.55968,0.52095,5.39898,40.05325,0.35264,0.32979,0.46687,4.64640,38.97083,0.29937,0.71146,0.38802,4.42939,34.53845,0.07748,0.70490
Llama-8B top-10,Embedding,10,Llama-8B,true,0.46808,6.10471,41.27327,0.22962,0.53540,0.50024,6.26511,41.58780,0.28727,0.27123,0.46956,5.18541,41.73714,0.27260,0.70228,0.41837,7.05641,40.20521,0.08829,0.71203
Qwen3-30B top-10,Embedding,10,Qwen3-30B,true,0.55930,10.93786,51.08907,0.35534,0.63500,0.59884,11.70763,54.25793,0.46680,0.43733,0.56119,9.96098,51.80221,0.43964,0.76261,0.49808,11.05828,45.45536,0.08054,0.76363
