language,lang,dev_questions,test_questions,top5_target_hit_rate,top10_target_hit_rate,top5_average_top1_score,top10_average_top1_score
Czech,cs,530,550,0.7452830188679245,0.8132075471698114,0.8642259430210545,0.8642259430210545
Slovak,sk,493,479,0.8012170385395537,0.8559837728194726,0.8705080019774833,0.8705080019774833
Ukrainian,uk,385,370,0.6675324675324675,0.7610389610389611,0.8588041091894174,0.8588041091894174
Overall,overall,1408,1399,0.7436079545454546,0.8139204545454546,,
