generator,top5_accuracy,top10_accuracy,delta_top10_minus_top5
Qwen3-30B,0.8700284090909091,0.8899147727272727,0.019886363636363646
Llama-8B,0.8295454545454546,0.8416193181818182,0.012073863636363646
TinyAya-Water,0.8174715909090909,0.7776988636363636,-0.03977272727272729
TinyAya-Global,0.7911931818181818,0.7400568181818182,-0.051136363636363535
